{"entities":{"pages":{"Java-One-base":{"id":"Java-One-base","title":"Java_One(base)","url":"java-one-base.html","level":0,"tabIndex":0},"Java-ScannerOI":{"id":"Java-ScannerOI","title":"Java_ScannerOI","url":"java-scanneroi.html","level":0,"tabIndex":1},"Java-三大结构":{"id":"Java-三大结构","title":"Java_三大结构","url":"java-三大结构.html","level":0,"pages":["Java-三大结构-练习"],"tabIndex":2},"Java-三大结构-练习":{"id":"Java-三大结构-练习","title":"Java_三大结构_练习","url":"java-三大结构-练习.html","level":1,"parentId":"Java-三大结构","tabIndex":0}}},"topLevelIds":["Java-One-base","Java-ScannerOI","Java-三大结构"]}