{"entities":{"pages":{"Java-OOP":{"id":"Java-OOP","title":"Java_OOP","url":"java-oop.html","level":0,"tabIndex":0},"Java-One-base":{"id":"Java-One-base","title":"Java_One(base)","url":"java-one-base.html","level":0,"tabIndex":1},"Java-ScannerOI":{"id":"Java-ScannerOI","title":"Java_ScannerOI","url":"java-scanneroi.html","level":0,"tabIndex":2},"Java-三大结构":{"id":"Java-三大结构","title":"Java_三大结构","url":"java-三大结构.html","level":0,"pages":["Java-三大结构-练习"],"tabIndex":3},"Java-三大结构-练习":{"id":"Java-三大结构-练习","title":"Java_三大结构_练习","url":"java-三大结构-练习.html","level":1,"parentId":"Java-三大结构","tabIndex":0},"Java-方法":{"id":"Java-方法","title":"Java_方法","url":"java-方法.html","level":0,"pages":["Java-方法-练习"],"tabIndex":4},"Java-方法-练习":{"id":"Java-方法-练习","title":"Java_方法_练习","url":"java-方法-练习.html","level":1,"parentId":"Java-方法","tabIndex":0},"Java-数组":{"id":"Java-数组","title":"Java_数组","url":"java-数组.html","level":0,"tabIndex":5}}},"topLevelIds":["Java-OOP","Java-One-base","Java-ScannerOI","Java-三大结构","Java-方法","Java-数组"]}